{"1743183979.495762": {"timestamp": 1743183979.495762, "average": 46.974314884801416}, "1743184048.9909384": {"timestamp": 1743184048.9909384, "average": 42.98595497816058}, "1743184082.594063": {"timestamp": 1743184082.594063, "average": 44.088829778375334}, "1743184116.1252868": {"timestamp": 1743184116.1252868, "average": 49.59790562415426}, "1743184149.6536136": {"timestamp": 1743184149.6536136, "average": 50.5483722767962}, "1743184183.1836977": {"timestamp": 1743184183.1836977, "average": 56.230829904679894}, "1743786428.6276052": {"timestamp": 1743786428.6276052, "average": 46.84704026926386}, "1743786462.147978": {"timestamp": 1743786462.147978, "average": 48.13130743841667}, "1743786495.678091": {"timestamp": 1743786495.678091, "average": 51.17948376060323}, "1743786529.2059693": {"timestamp": 1743786529.2059693, "average": 48.30125669315844}, "1743786562.7380621": {"timestamp": 1743786562.7380621, "average": 45.718552259269586}, "1743786596.2688046": {"timestamp": 1743786596.2688046, "average": 46.321471592576344}, "1743786629.798315": {"timestamp": 1743786629.798315, "average": 44.8467896712509}, "1743786663.3265128": {"timestamp": 1743786663.3265128, "average": 45.29300392012827}, "1743786696.8580668": {"timestamp": 1743786696.8580668, "average": 44.45824754056165}, "1743786730.3877256": {"timestamp": 1743786730.3877256, "average": 42.85988577081103}, "1743786763.913152": {"timestamp": 1743786763.913152, "average": 42.97242668195426}, "1743786797.7798748": {"timestamp": 1743786797.7798748, "average": 47.26528025804043}, "1743786831.31988": {"timestamp": 1743786831.31988, "average": 47.9811840007233}, "1743786864.8422263": {"timestamp": 1743786864.8422263, "average": 48.07682308321318}, "1743786898.388034": {"timestamp": 1743786898.388034, "average": 48.27571685473111}, "1743786931.9158742": {"timestamp": 1743786931.9158742, "average": 50.652177685241895}, "1743786965.4430757": {"timestamp": 1743786965.4430757, "average": 49.465999386863665}, "1743786998.9793382": {"timestamp": 1743786998.9793382, "average": 50.04634754756828}, "1743787032.5078695": {"timestamp": 1743787032.5078695, "average": 50.0863022823278}, "1743787066.0649598": {"timestamp": 1743787066.0649598, "average": 48.49443573974152}, "1743787099.5571291": {"timestamp": 1743787099.5571291, "average": 45.383152687137944}, "1743787133.0870016": {"timestamp": 1743787133.0870016, "average": 43.58906857064149}, "1743787166.6178007": {"timestamp": 1743787166.6178007, "average": 46.0723223864996}, "1743787200.1528902": {"timestamp": 1743787200.1528902, "average": 45.46757194252459}, "1743787233.72235": {"timestamp": 1743787233.72235, "average": 46.21250453633039}, "1743787267.2598007": {"timestamp": 1743787267.2598007, "average": 44.39865796281219}, "1743787300.7955914": {"timestamp": 1743787300.7955914, "average": 43.1347812775352}, "1743787334.3309078": {"timestamp": 1743787334.3309078, "average": 43.995742548749135}, "1743787367.865237": {"timestamp": 1743787367.865237, "average": 44.430903307881934}, "1743787401.398241": {"timestamp": 1743787401.398241, "average": 44.10383699849163}, "1743787434.9274988": {"timestamp": 1743787434.9274988, "average": 45.86071526552309}, "1743787468.467333": {"timestamp": 1743787468.467333, "average": 46.4141759843567}, "1743787501.9974446": {"timestamp": 1743787501.9974446, "average": 46.117190838786364}, "1743787535.5363684": {"timestamp": 1743787535.5363684, "average": 47.487753138891854}, "1743787569.0665002": {"timestamp": 1743787569.0665002, "average": 48.2305576221676}, "1743787602.5943322": {"timestamp": 1743787602.5943322, "average": 48.833155826568124}, "1743787636.1252644": {"timestamp": 1743787636.1252644, "average": 47.062395259801164}, "1743787669.6593544": {"timestamp": 1743787669.6593544, "average": 45.778414535575465}, "1743787703.1952522": {"timestamp": 1743787703.1952522, "average": 45.368076432124056}, "1743787736.737364": {"timestamp": 1743787736.737364, "average": 43.1063472545297}, "1743787770.2681658": {"timestamp": 1743787770.2681658, "average": 43.7418072584556}, "1743787803.7973511": {"timestamp": 1743787803.7973511, "average": 45.991754825159376}, "1743787837.3383753": {"timestamp": 1743787837.3383753, "average": 43.566357713656274}, "1743787870.8695745": {"timestamp": 1743787870.8695745, "average": 44.50182693009565}, "1743787904.4067688": {"timestamp": 1743787904.4067688, "average": 42.546087035312034}, "1743787937.9405038": {"timestamp": 1743787937.9405038, "average": 45.06124211164336}, "1743787971.4738982": {"timestamp": 1743787971.4738982, "average": 45.20023291616062}, "1743788005.006348": {"timestamp": 1743788005.006348, "average": 46.96523344557085}, "1743788038.5434332": {"timestamp": 1743788038.5434332, "average": 47.06296945788486}, "1743788072.077579": {"timestamp": 1743788072.077579, "average": 47.93487766077229}, "1743788105.6065657": {"timestamp": 1743788105.6065657, "average": 48.847355486142945}, "1743788139.1430697": {"timestamp": 1743788139.1430697, "average": 52.33993013096902}, "1743788172.6803837": {"timestamp": 1743788172.6803837, "average": 50.46691043350173}, "1743788206.2158802": {"timestamp": 1743788206.2158802, "average": 49.732236506390045}, "1743788239.7506065": {"timestamp": 1743788239.7506065, "average": 54.82011328764213}, "1743788273.2798963": {"timestamp": 1743788273.2798963, "average": 53.684368858034986}, "1743788306.8160448": {"timestamp": 1743788306.8160448, "average": 54.23355640454199}, "1743788340.3485637": {"timestamp": 1743788340.3485637, "average": 54.909589296345025}, "1743788426.3502655": {"timestamp": 1743788426.3502655, "average": 45.00592999693896}, "1743788459.873282": {"timestamp": 1743788459.873282, "average": 45.83226814957061}, "1743788493.4073613": {"timestamp": 1743788493.4073613, "average": 46.63015452376317}}