{"1743183979.495762": {"timestamp": 1743183979.495762, "average": 46.974314884801416}, "1743184048.9909384": {"timestamp": 1743184048.9909384, "average": 42.98595497816058}, "1743184082.594063": {"timestamp": 1743184082.594063, "average": 44.088829778375334}, "1743184116.1252868": {"timestamp": 1743184116.1252868, "average": 49.59790562415426}, "1743184149.6536136": {"timestamp": 1743184149.6536136, "average": 50.5483722767962}, "1743184183.1836977": {"timestamp": 1743184183.1836977, "average": 56.230829904679894}}