{"1743183979.495762": {"timestamp": 1743183979.495762, "average": 46.974314884801416}, "1743184048.9909384": {"timestamp": 1743184048.9909384, "average": 42.98595497816058}, "1743184082.594063": {"timestamp": 1743184082.594063, "average": 44.088829778375334}, "1743184116.1252868": {"timestamp": 1743184116.1252868, "average": 49.59790562415426}, "1743184149.6536136": {"timestamp": 1743184149.6536136, "average": 50.5483722767962}, "1743184183.1836977": {"timestamp": 1743184183.1836977, "average": 56.230829904679894}, "1743786428.6276052": {"timestamp": 1743786428.6276052, "average": 46.84704026926386}, "1743786462.147978": {"timestamp": 1743786462.147978, "average": 48.13130743841667}, "1743786495.678091": {"timestamp": 1743786495.678091, "average": 51.17948376060323}, "1743786529.2059693": {"timestamp": 1743786529.2059693, "average": 48.30125669315844}, "1743786562.7380621": {"timestamp": 1743786562.7380621, "average": 45.718552259269586}, "1743786596.2688046": {"timestamp": 1743786596.2688046, "average": 46.321471592576344}, "1743786629.798315": {"timestamp": 1743786629.798315, "average": 44.8467896712509}, "1743786663.3265128": {"timestamp": 1743786663.3265128, "average": 45.29300392012827}, "1743786696.8580668": {"timestamp": 1743786696.8580668, "average": 44.45824754056165}, "1743786730.3877256": {"timestamp": 1743786730.3877256, "average": 42.85988577081103}, "1743786763.913152": {"timestamp": 1743786763.913152, "average": 42.97242668195426}, "1743786797.7798748": {"timestamp": 1743786797.7798748, "average": 47.26528025804043}, "1743786831.31988": {"timestamp": 1743786831.31988, "average": 47.9811840007233}, "1743786864.8422263": {"timestamp": 1743786864.8422263, "average": 48.07682308321318}, "1743786898.388034": {"timestamp": 1743786898.388034, "average": 48.27571685473111}, "1743786931.9158742": {"timestamp": 1743786931.9158742, "average": 50.652177685241895}, "1743786965.4430757": {"timestamp": 1743786965.4430757, "average": 49.465999386863665}, "1743786998.9793382": {"timestamp": 1743786998.9793382, "average": 50.04634754756828}, "1743787032.5078695": {"timestamp": 1743787032.5078695, "average": 50.0863022823278}, "1743787066.0649598": {"timestamp": 1743787066.0649598, "average": 48.49443573974152}, "1743787099.5571291": {"timestamp": 1743787099.5571291, "average": 45.383152687137944}, "1743787133.0870016": {"timestamp": 1743787133.0870016, "average": 43.58906857064149}, "1743787166.6178007": {"timestamp": 1743787166.6178007, "average": 46.0723223864996}}